Doctor_ID,Doctor_Name,City,Specialty
D001,Richard Frank,Bonillafurt,Hematologist
D002,Tabitha Jensen,West Diane,Hematologist
D003,Annette Gonzalez,Wrightton,Oncologist
D004,Elizabeth Jensen,Johnsonmouth,Oncologist
D005,Stephen Black,Mooreland,Hematologist
D006,Ashley Johnson,Stevenfort,Radiologist
D007,Michael Bell,Cynthiahaven,Radiologist
D008,Michael Romero,Herbertville,Hematologist
D009,Kari Smith,Villanuevaport,Oncologist
D010,Teresa Munoz,Patrickfort,Oncologist
D011,Brittney Baker,North Rhonda,Radiologist
D012,John Barnes,Lake Timothyside,Radiologist
D013,Gwendolyn Leblanc,Danielfort,Hematologist
D014,Samuel James,Lewisport,Radiologist
D015,Richard Henderson,Amandamouth,Hematologist
D016,Mr. Jake Jackson,South Loriside,Radiologist
D017,Mark Nixon,Stewartchester,Radiologist
D018,Dr. Caitlin Wallace,Whiteburgh,Radiologist
D019,Jennifer Rowland,Rhodesmouth,Oncologist
D020,Patrick Romero,Port Gilbert,Oncologist
D021,Robert Wang,Barreraland,Oncologist
D022,Paul Griffin,New Alexandra,Radiologist
D023,Darius Webb,Lake Johnport,Hematologist
D024,Brent Christensen,East Jennifer,Hematologist
D025,Jennifer Baird,Stephanieside,Hematologist
D026,Christopher Lin,Wongside,Hematologist
D027,Martin Baker,Reedburgh,Oncologist
D028,Nicholas Baker,South Taylorport,Oncologist
D029,Julie Cook,Lake Jodiport,Radiologist
D030,Gregory Norris,Heathermouth,Radiologist
D031,Carol Lewis,Garzaport,Hematologist
D032,Jason Cummings,Lake Brookeborough,Oncologist
D033,Jacob Rasmussen,East Emily,Hematologist
D034,Laura Powers,East Amanda,Radiologist
D035,Megan Collins,South Jessicaview,Radiologist
D036,Nathan Thomas,New Amyborough,Hematologist
D037,Kathryn Butler,Houstonchester,Radiologist
D038,Eugene Cooper,Port Patriciahaven,Hematologist
D039,Denise Sanchez,Trevinofort,Oncologist
D040,Elizabeth Rodriguez,Russobury,Hematologist
D041,Michael Brady,Port Andrea,Oncologist
D042,Vincent Torres,Allenfurt,Oncologist
D043,Heather Brown,Lake Amanda,Radiologist
D044,Kelly Smith,Mendozaberg,Radiologist
D045,Scott Ross,Williamsfort,Radiologist
D046,Patrick Stephens,East Shawn,Hematologist
D047,Craig Orozco DVM,Doyletown,Hematologist
D048,Stephen Coleman,North Elizabeth,Radiologist
D049,Judy Copeland,Richmondton,Hematologist
D050,Alejandro Dillon,Beanborough,Radiologist
D051,Lisa Combs,New Loriview,Hematologist
D052,Christian Thomas,North Selena,Oncologist
D053,Daniel Christian,Danielburgh,Oncologist
D054,David Chapman,Friedmanport,Radiologist
D055,Andrew Carter,North Amyfort,Hematologist
D056,Karen Garza,Jodymouth,Hematologist
D057,Lauren Faulkner,Daniellefort,Oncologist
D058,Scott Ballard,West Michelle,Oncologist
D059,Brian Heath,Johnsonfurt,Radiologist
D060,Christopher Ward,Thomasland,Oncologist
D061,Mitchell Howard,West Maryshire,Radiologist
D062,Angela Francis,Joseport,Oncologist
D063,Brittney Dunlap,Thomasburgh,Oncologist
D064,Laura Turner,East Jefffort,Hematologist
D065,Thomas Bass,Port Alex,Oncologist
D066,Sharon Hays,Port Michael,Oncologist
D067,Hailey Taylor,West Marymouth,Radiologist
D068,William Larson,Mccarthystad,Oncologist
D069,Aaron Hubbard,Kyleborough,Radiologist
D070,Jim Schmidt,Nelsonfurt,Oncologist
D071,Sarah Jimenez,Montoyaborough,Oncologist
D072,Karen Morton,Eatonport,Radiologist
D073,Jorge Green,Lake Rachelport,Hematologist
D074,Jessica Phillips,Garnerville,Radiologist
D075,Mrs. Stephanie Hodge,Port Debbie,Radiologist
D076,Benjamin Smith,Millsville,Radiologist
D077,Alicia Morales MD,North Mary,Hematologist
D078,Ebony West,Andrewshire,Oncologist
D079,John Long,South Ronnie,Radiologist
D080,Kelly Goodwin,Millerburgh,Radiologist
D081,Curtis Woodward,Winterston,Hematologist
D082,Sherry Delacruz,Brandibury,Radiologist
D083,Jeffrey Fritz,Christopherport,Oncologist
D084,Jared Villegas,Karenville,Hematologist
D085,Joshua Shaw,West Jasmineville,Oncologist
D086,Larry Waller,Joseberg,Oncologist
D087,Amanda Lopez,Garciafurt,Hematologist
D088,Timothy Wallace,Markshire,Radiologist
D089,Jill Trujillo,Port Tracy,Oncologist
D090,Sherry Li,North Brandimouth,Oncologist
D091,Haley Mathews,East James,Oncologist
D092,Mr. Nicholas Lucas MD,North Martinfort,Oncologist
D093,Susan Nolan,Steveton,Hematologist
D094,Christopher Gonzalez,Higginschester,Hematologist
D095,Catherine Bass,West Sarahside,Oncologist
D096,Kimberly Allen,Andersonborough,Radiologist
D097,Kevin Benson,Lake Stephanie,Oncologist
D098,Donna Morrison,South Mark,Radiologist
D099,Paula Pierce,Michaelchester,Oncologist
D100,Stephanie Watts,Robinsonville,Radiologist
